filename,class_id
img1167_ozhf.png,3
img0134_hvev.png,4
img0896_zpyn.png,1
img1068_yavx.png,3
img0224_uidi.png,3
img0434_vrrj.png,1
img1656_thgm.png,3
img1433_fftn.png,3
img0299_cziz.png,4
img0385_tfhq.png,4
img1412_bxfg.png,1
img0081_eowe.png,3
img0090_ktoe.png,3
img1470_undr.png,3
img0055_zjer.png,3
img0137_avfm.png,4
img0898_mtrh.png,1
img0307_hqsg.png,0
img0719_hwuy.png,3
img1078_ckln.png,5
img0819_czjo.png,5
img0072_hbcs.png,5
img1455_batd.png,1
img0938_uoav.png,3
img0469_szff.png,3
img1049_zmaz.png,5
img0256_psrp.png,0
img0025_rdvl.png,4
img0975_fjmx.png,1
img0298_cihi.png,3
img0792_vwvp.png,5
img0578_mljk.png,3
img0144_uwpa.png,2
img1523_iacd.png,3
img0361_ptzy.png,5
img0426_tiff.png,5
img0190_lrbf.png,0
img0616_eabf.png,2
img0856_fkuk.png,1
img0013_jfop.png,5
img0759_riqz.png,3
img1343_zpqu.png,3
img0484_waiu.png,2
img1298_emuk.png,3
img0523_pzof.png,1
img1685_uotq.png,3
img1214_xulp.png,3
img0870_sdfn.png,5
img1607_thsf.png,3
img1091_pnuz.png,2
img0162_zqyx.png,2
img0362_vlqb.png,4
img1203_enys.png,1
img0337_clfb.png,2
img0603_hyvb.png,2
img1003_swci.png,5
img1692_jfoa.png,3
img0136_cjzz.png,1
img0111_scqb.png,0
img0360_ucms.png,2
img0284_qtwa.png,1
img0174_rapu.png,4
img0267_yzdo.png,1
img0549_qvhq.png,2
img0852_ryez.png,3
img0207_qyac.png,0
img0809_vekd.png,3
img0084_hyln.png,3
img0641_kcqu.png,1
img0558_sxkn.png,5
img0680_krmt.png,3
img0149_tnkt.png,4
img1283_able.png,3
img0342_rrhc.png,1
img1035_frjd.png,3
img0978_wudl.png,5
img0083_aoof.png,5
img1120_mkww.png,5
img1484_whvx.png,3
img1545_qnon.png,1
img1066_mirl.png,5
img1528_wcdj.png,3
img0349_uqru.png,0
img0499_bpnw.png,3
img0643_dspi.png,3
img0614_didu.png,3
img1284_ghlu.png,3
img1331_bgco.png,1
img1621_pctj.png,3
img1173_vnbn.png,3
img0536_jydr.png,5
img0347_fmxn.png,3
img0885_xpew.png,1
img1617_sfhp.png,3
img0304_zznv.png,1
img0531_wldn.png,2
img1346_nflp.png,1
img0538_frwu.png,2
img0684_jalu.png,5
img0565_wuhn.png,2
img0305_pkxr.png,3
img0493_kjth.png,3
img0775_ztcs.png,3
img0533_oaxo.png,1
img0412_kqip.png,5
img1056_gxjc.png,2
img1308_tmkf.png,1
img0137_nvlm.png,3
img0884_qkgh.png,1
img0695_zmdy.png,3
img0418_jsxf.png,0
img1321_ubjz.png,1
img0334_qysr.png,2
img1018_mknv.png,5
img0391_wmoi.png,2
img0437_myjw.png,5
img0128_sfhk.png,2
img0999_zoxj.png,1
img0796_sdpq.png,1
img0416_onsx.png,3
img0912_infx.png,2
img0184_btnj.png,0
img0431_ycue.png,4
img0143_ccay.png,5
img1536_izcm.png,3
img0037_onhc.png,0
img0721_syhb.png,5
img0264_uwea.png,5
img1526_mugl.png,1
img0116_zpuw.png,4
img1131_zyww.png,5
img0065_wdbt.png,3
img1459_fceq.png,1
img0240_gwbc.png,0
img0713_ldqy.png,5
img1511_dsof.png,3
img1070_hzhv.png,2
img0411_iejb.png,3
img0116_zmjt.png,3
img0727_zahc.png,3
img0455_uegu.png,3
img0210_vvok.png,5
img0812_alzh.png,2
img0717_hggq.png,2
img0516_zlhx.png,3
img1465_tiut.png,1
img1114_glgz.png,5
img1046_fglf.png,5
img0572_aqva.png,5
img0580_vkfi.png,3
img0090_fnil.png,5
img1710_oecc.png,3
img1266_qgiu.png,1
img1013_lycn.png,3
img0832_aoju.png,3
img1728_jqeb.png,3
img0564_jyfh.png,2
img0768_xsly.png,2
img0669_xdel.png,2
img0429_yugg.png,3
img0940_zzuv.png,2
img0524_gsbu.png,1
img0688_xfku.png,3
img0028_bggi.png,3
img1585_fitm.png,3
img0978_chbv.png,2
img1015_hjjo.png,1
img0243_coak.png,4
img1135_ajbr.png,1
img0802_vhtp.png,5
img0565_xthm.png,5
img0210_anmz.png,1
img0082_awfo.png,2
img1072_ytbd.png,1
img0873_rkkf.png,1
img0593_epcd.png,5
img0093_takz.png,0
img0807_szda.png,2
img1463_eclv.png,3
img0025_kwhq.png,2
img0185_kpdx.png,0
img1375_knuf.png,1
img1081_buqc.png,3
img0572_uujv.png,1
img1324_xcge.png,1
img0675_rtke.png,3
img1372_jrms.png,1
img0152_jzbe.png,2
img0763_lvfh.png,1
img0607_xule.png,3
img0115_ixwl.png,0
img0103_smrx.png,4
img0783_gztu.png,1
img0219_uluw.png,2
img0384_rsoq.png,2
img1112_vuah.png,3
img1753_wzac.png,3
img1733_mreu.png,3
img0112_zxki.png,3
img0488_eysu.png,3
img0550_tdzz.png,3
img0550_loup.png,5
img0761_jfzy.png,2
img0967_dlxd.png,2
img0584_jdgj.png,1
img0751_gjpk.png,2
img1063_dubt.png,5
img0029_xmhe.png,2
img0447_srrn.png,1
img1599_qqcj.png,3
img0032_lnsw.png,4
img1158_yvsb.png,1
img0951_ucje.png,3
img0243_zodw.png,5
img1046_jglw.png,3
img0273_cskk.png,5
img0938_vaxn.png,1
img0118_iexg.png,5
img0588_magc.png,5
img1010_secj.png,1
img0673_rlqy.png,5
img0968_epjy.png,1
img0248_nwve.png,3
img0930_qlki.png,5
img0085_tyjn.png,4
img1392_otgd.png,1
img0929_gdlk.png,5
img0313_beil.png,4
img0141_toej.png,0
img1036_tfcz.png,5
img0732_rxbu.png,1
img0639_mgdn.png,1
img0042_rvfw.png,0
img0265_zzcg.png,4
img1302_csog.png,3
img0098_wihy.png,4
img0789_jmng.png,3
img0029_xuau.png,0
img0984_ylis.png,3
img0245_ohkn.png,2
img0659_dcdl.png,1
img0327_njiv.png,0
img1717_ptpu.png,3
img0093_kvya.png,4
img0788_uyew.png,1
img0451_igxw.png,1
img0876_oiaw.png,2
img1375_izlo.png,3
img0227_fejk.png,2
img0107_xqkd.png,2
img0165_mfqg.png,0
img1737_ppix.png,3
img0203_rqno.png,4
img0412_bqiw.png,2
img1317_tscf.png,3
img0698_exal.png,1
img1081_wdou.png,5
img0553_jlmy.png,2
img1667_oyns.png,3
img0015_ncyx.png,0
img0885_gndd.png,5
img0863_ukxe.png,2
img0356_kdgv.png,0
img0694_tjju.png,2
img0243_lebk.png,1
img0299_fmzf.png,1
img0184_ilkf.png,5
img0425_ccyy.png,2
img1480_ubro.png,3
img0598_avey.png,2
img0901_wyuy.png,2
img1088_bxln.png,3
img1562_kihe.png,1
img1514_djbx.png,1
img0773_iazf.png,5
img1574_nnsb.png,3
img1193_jsro.png,1
img1409_sinr.png,3
img0187_axgx.png,4
img1205_ayaa.png,3
img0394_khrl.png,3
img1287_ncgc.png,3
img1041_voha.png,5
img0862_qsbn.png,5
img0026_fcbz.png,3
img0355_hanu.png,5
img0744_dluc.png,1
img0257_inpn.png,2
img0259_zlpt.png,4
img0725_dgvk.png,1
img1541_mycf.png,3
img1088_shbe.png,1
img1009_vnrs.png,1
img0407_nlqx.png,0
img0482_robw.png,5
img0808_jxqt.png,1
img0382_byjk.png,0
img0516_djau.png,1
img0303_agas.png,0
img1140_ekup.png,5
img0800_egcb.png,1
img0675_bidh.png,2
img1024_ugev.png,3
img0593_ampb.png,1
img0430_rsgv.png,5
img0934_rzco.png,1
img0460_nbbo.png,5
img0116_arzt.png,5
img0007_nrdg.png,2
img0181_ydpt.png,5
img1036_xeul.png,1
img0055_ljyf.png,1
img0880_zhnu.png,2
img0471_fbqf.png,3
img0416_fwxa.png,1
img0665_qjdo.png,5
img0274_ksep.png,2
img0794_djom.png,1
img0185_gqtn.png,1
img0992_whhx.png,1
img0112_gwyw.png,2
img0008_ewhj.png,3
img1239_pkch.png,3
img0282_ptyq.png,2
img0391_yyrh.png,5
img0374_lfun.png,1
img0752_xkmj.png,3
img0920_okod.png,3
img0788_cbxi.png,2
img0513_xdvv.png,2
img0706_kcba.png,1
img0090_xpub.png,2
img0124_kzgr.png,1
img0834_upco.png,5
img0884_leby.png,3
img0024_rfzw.png,2
img1033_wvgl.png,5
img0490_hwcs.png,5
img1196_sxje.png,1
img0151_ztda.png,2
img0568_qvex.png,1
img1712_ddvf.png,3
img0930_mbkk.png,2
img0097_umfv.png,3
img0842_rqyc.png,5
img1070_lhif.png,5
img1502_sohr.png,3
img0040_xehv.png,2
img0707_xhhe.png,2
img0376_ynwk.png,4
img1600_eazo.png,1
img1212_bogj.png,3
img0148_cwdi.png,2
img0734_ssas.png,5
img0553_ugor.png,3
img1121_oefo.png,5
img0066_nuck.png,5
img0109_zxfn.png,0
img0212_vjjk.png,0
img0545_pkzf.png,1
img0783_ewdo.png,2
img1018_qozh.png,3
img1109_dsvu.png,3
img0931_duqt.png,3
img0622_karb.png,2
img0952_fffy.png,2
img0951_umaf.png,2
img0157_xjqc.png,2
img0485_lvst.png,1
img0282_qwds.png,0
img0942_opvr.png,3
img0188_zrqv.png,0
img0986_ucsj.png,5
img0073_gujj.png,2
img1088_enck.png,5
img0798_eaiz.png,1
img0681_abmq.png,5
img1697_bnyj.png,3
img0378_sdlr.png,5
img0288_enbw.png,1
img0067_szfy.png,5
img0753_gtjg.png,3
img0247_uwch.png,1
img0629_pnyr.png,1
img0753_gtjz.png,5
img1310_pwod.png,1
img0615_bnzt.png,2
img0212_kugb.png,2
img0479_qzqk.png,4
img0859_rvgd.png,3
img0348_dqsp.png,4
img0341_widr.png,1
img0385_yxeg.png,0
img0338_mmhg.png,2
img0257_lmfd.png,4
img0540_gjyl.png,5
img1156_nzdq.png,5
img0577_xjzg.png,3
img0166_bxvh.png,0
img0217_uncs.png,0
img0344_ukns.png,3
img0667_kmpq.png,5
img0678_lzjn.png,1
img1248_xyrx.png,3
img1190_yrwm.png,1
img0160_itzt.png,4
img0374_rgbv.png,0
img0942_hpnr.png,1
img1135_lzig.png,5
img1243_aksp.png,3
img0058_msvn.png,0
img0188_goob.png,4
img0571_rpyn.png,1
img1450_lkpw.png,3
img0589_wryo.png,3
img0249_vfkr.png,4
img0991_xnno.png,3
img0792_nuyy.png,3
img0776_lpnu.png,5
img0782_vpyy.png,5
img0234_lxqh.png,5
img0357_kwtt.png,3
img1285_frpm.png,1
img0191_msxx.png,5
img1453_mygs.png,3
img0445_inrh.png,2
img0403_ksfr.png,3
img0153_srxz.png,2
img1627_agud.png,3
img0580_nhzl.png,1
img0861_ntsi.png,2
img0760_ktvw.png,2
img0545_lzfs.png,3
img0964_ruzw.png,1
img0708_ksys.png,1
img0301_krld.png,2
img0177_zatw.png,2
img0026_huhi.png,2
img0917_zipj.png,5
img1653_sggu.png,3
img0007_lppv.png,3
img0284_xizj.png,5
img0418_ilmz.png,4
img1707_kpeq.png,3
img1469_pfms.png,1
img0810_ycqh.png,2
img0793_mmtc.png,1
img1483_vqyd.png,1
img0055_petb.png,4
img0862_ywxm.png,2
img1084_xcud.png,1
img0336_ufyh.png,5
img1210_pfgj.png,1
img0761_illl.png,5
img0426_iloz.png,1
img0482_hwqy.png,4
img1069_uang.png,2
img0000_srzd.png,2
img0639_hxoq.png,3
img0146_mgbk.png,0
img0825_zpca.png,2
img0592_jneg.png,1
img0583_ivkh.png,5
img1534_miqj.png,3
img0111_zqhr.png,4
img0688_jafj.png,5
img0000_ohsa.png,0
img0653_zusn.png,3
img0836_novs.png,1
img1404_edep.png,3
img0206_ddio.png,2
img1073_yhkl.png,1
img0420_znuz.png,0
img0261_guzy.png,1
img0348_udde.png,1
img1582_lvvx.png,1
img0755_whqw.png,2
img0500_pkpp.png,5
img0287_psam.png,3
img0371_mgre.png,1
img0272_rdkz.png,1
img0785_zmkb.png,3
img0991_pgsv.png,5
img0019_gqdp.png,3
img0662_fxhp.png,5
img0266_dpwg.png,0
img0471_iuxu.png,2
img0176_kkge.png,5
img1027_jeeq.png,2
img0155_juxy.png,5
img1288_chxq.png,1
img0805_kdnv.png,2
img0114_wbfu.png,4
img0911_xmvi.png,3
img0937_tnar.png,5
img0087_mgop.png,0
img1410_hpon.png,3
img1493_jgns.png,3
img1651_acuv.png,1
img1002_tjtn.png,5
img1141_dltv.png,3
img0611_mdxx.png,5
img0847_ensb.png,1
img0438_nulk.png,1
img0282_ygwn.png,5
img0040_vpei.png,0
img0305_qvaz.png,5
img0793_zvgu.png,3
img0595_pvsk.png,3
img1025_mszj.png,5
img0052_pexu.png,1
img0597_zjsf.png,3
img0699_bpgl.png,3
img0262_jmyl.png,2
img0999_uujp.png,3
img0794_tirg.png,2
img0484_wiwf.png,5
img0231_iajd.png,2
img0174_siym.png,2
img0328_pezn.png,1
img0406_qukv.png,5
img0006_lyjn.png,0
img0517_pkhy.png,3
img0864_cgzs.png,3
img0526_zlwc.png,5
img1503_reds.png,3
img0673_xqqz.png,1
img0639_zahn.png,2
img0679_etzv.png,2
img0316_dyik.png,4
img0636_fanh.png,1
img0840_cfdk.png,2
img0363_jgzg.png,1
img1437_wfvo.png,1
img0261_vimt.png,4
img0210_gwyr.png,4
img1267_pnwq.png,1
img0442_dbch.png,1
img0190_skoa.png,2
img0908_jmcd.png,1
img1021_dimb.png,1
img0254_qehd.png,0
img1407_fxof.png,1
img0711_gbje.png,5
img0932_cdti.png,2
img0109_lihp.png,2
img0697_xyxi.png,2
img0768_jrck.png,1
img0278_lxmc.png,0
img0431_zrgp.png,5
img0024_wqil.png,1
img0631_qkpm.png,5
img0744_xgmt.png,5
img0138_srve.png,1
img0290_oaev.png,4
img1420_gbpz.png,3
img0295_dsop.png,4
img0818_sflg.png,1
img0972_wvbm.png,2
img0325_odjb.png,0
img0929_unut.png,2
img1022_mzog.png,3
img0422_jsnc.png,3
img1230_vhrh.png,3
img0459_uvfl.png,4
img0032_fero.png,2
img0321_cmoe.png,1
img1157_ksnl.png,5
img0632_smdr.png,2
img0583_bver.png,2
img0238_mkar.png,5
img0605_ivzp.png,5
img0158_orkl.png,5
img0982_qqjl.png,3
img0803_dtpl.png,3
img0166_dkio.png,2
img0221_ynut.png,0
img1097_djpp.png,1
img0294_wgoh.png,5
img1292_qdyt.png,3
img1154_uncm.png,5
img0398_zfuf.png,2
img0030_cgju.png,0
img1445_bwrn.png,1
img0775_apei.png,5
img0855_edyn.png,3
img0058_niym.png,5
img0022_royh.png,1
img0065_dbup.png,0
img0551_mkgf.png,1
img0765_dgue.png,1
img1168_wwis.png,1
img0114_djhh.png,1
img0977_dzhr.png,2
img0467_hcuu.png,3
img1644_gfwl.png,3
img0080_kztt.png,5
img0849_aohb.png,3
img0498_laha.png,5
img0094_jibr.png,1
img1158_xfkq.png,5
img0356_xgrt.png,5
img0349_neor.png,4
img0944_eqbb.png,3
img0878_hflc.png,5
img0178_tkye.png,4
img0908_qdoz.png,3
img1079_iaol.png,1
img0226_mgby.png,5
img0306_ujkb.png,3
img0532_jdtt.png,3
img0401_htrm.png,4
img0913_cndu.png,5
img0290_ehac.png,2
img0231_ijgq.png,3
img0224_tflw.png,4
img0244_qjvb.png,4
img1345_wvls.png,1
img0668_oxkz.png,1
img1638_jvba.png,1
img0283_pcso.png,5
img0566_dlcd.png,1
img0143_anje.png,1
img0753_mjgi.png,2
img1117_zxnj.png,5
img0534_lgpc.png,5
img0064_ihsj.png,3
img0770_ylxd.png,2
img0302_qtls.png,4
img1602_kqwa.png,1
img0186_qyqj.png,4
img0068_wvwl.png,3
img1460_buvi.png,1
img0652_qkpf.png,1
img0336_gflq.png,0
img1087_ewrf.png,2
img0370_kwqq.png,4
img0081_qmlp.png,5
img0975_yoro.png,5
img0907_balh.png,1
img1337_siwl.png,1
img0041_yfcl.png,3
img0406_qtoi.png,0
img0644_tfmm.png,2
img1607_ivso.png,1
img0907_srpq.png,5
img1059_pvkm.png,1
img0269_grdm.png,4
img0247_xulz.png,4
img1025_gbta.png,3
img0077_crum.png,3
img0038_ewnn.png,4
img1307_gigh.png,1
img0229_giwp.png,2
img0215_ceft.png,1
img0150_uqpy.png,5
img0100_ljnc.png,5
img0746_avbl.png,5
img0920_ahek.png,1
img0811_wjmr.png,3
img0110_ypyx.png,1
img0113_dyiv.png,3
img0456_zfub.png,4
img0434_qpye.png,3
img0288_rbgq.png,2
img0157_jywe.png,1
img0608_xasj.png,5
img1202_afcc.png,3
img0231_zmub.png,1
img0472_bigv.png,3
img0547_dtji.png,5
img0470_tajj.png,1
img0067_xehf.png,0
img0779_qftw.png,3
img0060_wdde.png,5
img0108_zpqr.png,1
img0285_hjsl.png,4
img0307_conv.png,3
img0769_xpjm.png,3
img0557_eoml.png,2
img0531_sltv.png,1
img0088_kqzh.png,1
img0669_klqu.png,5
img0459_qxer.png,1
img0765_gtoe.png,2
img0960_bjpf.png,5
img1521_dhgn.png,1
img1597_sdqq.png,3
img0866_vykv.png,5
img1643_vmib.png,3
img0932_srmg.png,5
img0659_enms.png,3
img0604_cnet.png,5
img0930_lcvv.png,1
img0142_wbzd.png,5
img0602_froq.png,5
img1495_rzim.png,3
img0237_gfvl.png,3
img0300_qhxl.png,4
img0471_zxab.png,5
img0343_vzgf.png,5
img0503_qmcc.png,5
img1455_aghg.png,3
img0428_fagw.png,5
img0861_asdt.png,3
img0740_layc.png,5
img0400_lxob.png,1
img1207_bhhf.png,1
img0543_ecdh.png,1
img0472_vhtt.png,1
img1594_jwjx.png,3
img1260_ezar.png,3
img0743_gtyx.png,5
img1142_dcpp.png,3
img0419_vfkz.png,1
img0826_hgyh.png,5
img0789_dkqy.png,5
img0603_dqin.png,1
img1453_efez.png,1
img0333_oxef.png,1
img0052_fpui.png,0
img0080_dfve.png,3
img1481_soyv.png,3
img0878_sdkl.png,2
img0198_oojg.png,0
img0205_zihs.png,4
img1032_lahm.png,1
img0146_gqnb.png,1
img0348_mksd.png,0
img1441_cbxg.png,1
img0701_dmgo.png,2
img0263_makv.png,2
img0591_fhqn.png,5
img0333_oyus.png,0
img1580_ozry.png,3
img0452_qbhg.png,2
img0149_zofu.png,5
img0460_hlrg.png,4
img1423_mjkh.png,3
img1019_mitc.png,3
img0577_czdh.png,2
img1116_polk.png,5
img1186_ztpm.png,3
img1445_ukzz.png,3
img0557_nilk.png,3
img0158_ugvj.png,0
img0343_ibzt.png,0
img0441_cdjt.png,5
img0144_zwtl.png,0
img0670_ttne.png,3
img0474_kimm.png,1
img0087_ghuh.png,4
img1562_wets.png,3
img0366_jhlw.png,1
img0785_cnip.png,2
img0689_trgt.png,1
img0205_ziyh.png,0
img0321_rfey.png,3
img0869_qezw.png,2
img0246_bvad.png,4
img1136_caea.png,1
img0063_pulh.png,1
img0297_cfnq.png,4
img0718_edfm.png,5
img0980_fpgc.png,2
img0076_hwwe.png,2
img1113_xelg.png,1
img1159_biyd.png,1
img1250_ehgk.png,1
img0179_tedv.png,1
img1370_gjbn.png,1
img0720_qfpn.png,1
img0374_axjc.png,5
img0364_gxyc.png,4
img0439_zbux.png,4
img0472_vkkw.png,5
img1024_rlci.png,2
img0037_fliz.png,2
img0408_hzdq.png,5
img0250_wonh.png,3
img0162_sjhp.png,0
img0076_ozms.png,5
img0363_hppn.png,0
img1433_npzs.png,1
img1410_knmo.png,1
img0907_kwye.png,3
img0048_tvut.png,0
img1235_nhli.png,3
img0154_bxqk.png,2
img1312_keqb.png,3
img0756_tvax.png,2
img0905_rcgs.png,3
img0097_hoyk.png,4
img0042_oxee.png,3
img0370_fbnq.png,5
img0799_ziru.png,1
img0415_jxzu.png,1
img0342_gqyt.png,4
img1189_erwa.png,1
img0018_nznd.png,2
img0505_oybj.png,2
img0367_ryiq.png,5
img0457_hhku.png,4
img0996_gwyz.png,1
img0624_bvzn.png,5
img1729_skkj.png,3
img0038_gvdk.png,5
img0028_rsae.png,0
img0483_hblj.png,4
img0709_sggg.png,5
img0941_auwy.png,3
img0198_bqdt.png,5
img0970_ofcq.png,5
img0184_euzf.png,3
img0955_prsb.png,3
img0579_eooq.png,2
img1648_pesx.png,3
img1351_kozn.png,1
img1288_futc.png,3
img0768_bzgq.png,5
img0410_jafo.png,0
img0707_kllm.png,5
img0086_mysw.png,3
img0744_ijeg.png,2
img0437_txmx.png,3
img0429_ejsr.png,0
img0679_egad.png,1
img1678_cags.png,3
img1285_bfqf.png,3
img0620_eatj.png,1
img0021_mxcr.png,3
img0830_gywz.png,1
img1001_ivpg.png,3
img0027_imyt.png,2
img1162_aigv.png,1
img0042_vtbn.png,4
img0644_pexe.png,3
img0117_xzqi.png,4
img1308_rvva.png,3
img0276_pnij.png,0
img0080_jovs.png,2
img0626_zriy.png,3
img0049_plix.png,3
img0561_moqs.png,3
img0449_qzuh.png,3
img0013_ziso.png,0
img0316_mgll.png,2
img1043_dihe.png,3
img0286_lskx.png,0
img0185_qubz.png,3
img0181_slvx.png,1
img0873_imyc.png,5
img0951_mzep.png,1
img0894_srft.png,2
img0881_wdzb.png,2
img0298_nvyu.png,5
img0360_pfdg.png,0
img0356_vhzz.png,3
img0832_oorr.png,5
img0935_pmyt.png,2
img0987_owez.png,1
img1352_szkb.png,1
img0192_xpqj.png,4
img1103_gwoc.png,2
img1201_qwwm.png,3
img0310_rdhe.png,2
img0304_ykjx.png,0
img0918_otlr.png,1
img1006_bryn.png,1
img0269_kadm.png,3
img1089_munr.png,1
img1553_jiol.png,3
img1739_ntbl.png,3
img1196_ylbm.png,3
img0456_ylwf.png,5
img0408_wzkx.png,3
img0692_xaoi.png,2
img0200_dyjw.png,5
img0402_ztmv.png,2
img0997_vmqf.png,2
img0433_sjkd.png,5
img0417_oasn.png,3
img0931_buvl.png,2
img1256_jbkc.png,3
img0699_oedi.png,2
img1633_cmkt.png,3
img0802_kzbm.png,2
img0921_xqnv.png,5
img0700_mcxw.png,2
img1587_xfur.png,3
img0110_mcbe.png,0
img0405_dvan.png,2
img0336_abss.png,1
img0055_ugve.png,0
img0369_ddoc.png,5
img0252_wicp.png,2
img0911_yyao.png,2
img0477_gxxy.png,4
img0866_gfmh.png,3
img1529_amnh.png,3
img1459_zxtn.png,3
img0724_stlr.png,5
img0451_cjjk.png,2
img0496_grqt.png,3
img0538_oiao.png,5
img1030_kxal.png,3
img1530_ndbl.png,1
img1636_xybz.png,3
img0050_yhya.png,3
img1029_ppdz.png,2
img0277_aicj.png,2
img0020_ilxl.png,4
img0739_fwxe.png,2
img1140_thfe.png,3
img0077_xuox.png,2
img1046_emss.png,1
img0054_ojtb.png,0
img0047_fkny.png,2
img1581_kjoq.png,1
img0162_codz.png,5
img1129_uhjz.png,1
img0897_vofk.png,1
img0392_gqor.png,1
img0445_iuib.png,1
img0193_avce.png,5
img0306_fgsc.png,5
img0253_vhaz.png,2
img0816_oggm.png,3
img1116_wczw.png,2
img1556_qnnv.png,1
img0267_rddt.png,4
img0286_mjok.png,5
img0052_jbuy.png,4
img0473_dsqt.png,3
img0467_eilz.png,2
img1095_hpbm.png,1
img0141_nucb.png,3
img0996_jxyr.png,3
img0822_ctzm.png,5
img0952_ykgq.png,5
img1203_ewoe.png,3
img1318_huie.png,1
img0917_kyki.png,3
img0194_eylm.png,0
img0060_inrx.png,3
img0757_jauv.png,1
img0394_feyi.png,5
img1062_xrxv.png,3
img0923_ftpi.png,2
img0903_oixz.png,1
img0234_oepi.png,2
img1646_dkdu.png,1
img1451_kztp.png,1
img0191_yjfi.png,4
img0999_qejz.png,2
img1223_pffz.png,1
img1525_nyii.png,3
img0088_ibir.png,3
img0683_njme.png,5
img1177_wtdi.png,3
img0825_mnhe.png,5
img0881_cbaw.png,5
img0772_vygi.png,1
img0286_hbyw.png,3
img1104_dlji.png,2
img0339_gwpm.png,1
img0727_wqhq.png,1
img0912_oods.png,1
img0455_avvk.png,2
img0107_xotn.png,5
img0898_dnkm.png,2
img0273_xkkp.png,4
img0975_flzh.png,3
img1322_lloo.png,1
img0114_hgaw.png,2
img0597_imov.png,5
img0379_ceoa.png,3
img0003_iqxz.png,0
img1133_rnts.png,3
img1180_zufr.png,1
img0328_cuqo.png,3
img0664_lrxr.png,2
img0329_adfe.png,3
img0642_ywbv.png,5
img0750_cfte.png,5
img0258_dqcm.png,1
img1051_sjgw.png,3
img1262_ewrh.png,1
img1124_rhkc.png,5
img0560_fgur.png,5
img1008_dvyh.png,3
img0305_emkr.png,1
img0868_dzdx.png,1
img1387_mkdz.png,1
img1086_lrxb.png,1
img0033_sezr.png,1
img1359_yjgf.png,1
img0083_xocm.png,2
img0193_yoak.png,4
img0399_szgm.png,1
img0213_yxlx.png,0
img0216_cwkq.png,3
img0340_tbvb.png,0
img1245_gsyq.png,1
img0095_qjll.png,4
img0375_wzew.png,0
img0083_wgpn.png,3
img0322_fxfq.png,4
img0943_kleo.png,2
img0171_outy.png,1
img0994_afuh.png,3
img0654_vrte.png,3
img0146_whcg.png,4
img0176_xpwr.png,4
img0664_imng.png,5
img0010_tuur.png,3
img0311_xsfh.png,4
img1087_twss.png,1
img0393_vzhj.png,1
img0098_ldur.png,0
img0917_yoqn.png,1
img0989_ytcs.png,3
img0790_zcfv.png,2
img0342_dqzm.png,2
img0305_maog.png,4
img0725_gqre.png,5
img1073_uzgv.png,5
img0326_pvgy.png,2
img0995_hswl.png,1
img1291_noxq.png,1
img0048_ivbc.png,1
img0281_grib.png,0
img1062_bgeu.png,5
img0578_gqbi.png,5
img0351_uhik.png,5
img1187_evni.png,1
img1591_kqvq.png,1
img0483_nebk.png,3
img0098_vexq.png,1
img1690_gbsa.png,3
img0113_zkwi.png,4
img0062_ebfs.png,1
img0875_ebck.png,5
img0073_yctk.png,0
img0948_aixk.png,2
img1485_rkqz.png,1
img1319_kimk.png,1
img0139_bkcz.png,3
img0914_gwai.png,3
img0194_agwl.png,2
img1645_wphq.png,1
img1011_tuxy.png,5
img0782_vlfm.png,3
img0712_yghn.png,5
img0385_fflu.png,1
img0115_ohoz.png,4
img0352_pbui.png,1
img0118_xoax.png,2
img0973_rift.png,5
img0279_mmyj.png,4
img0971_dkfy.png,5
img0270_dzmo.png,2
img0568_xfdh.png,5
img1143_juvl.png,5
img1096_ksof.png,1
img0309_dcmu.png,3
img1054_hsmt.png,1
img0939_zhcg.png,3
img0623_snsh.png,5
img0131_uqhc.png,1
img0292_bkgd.png,0
img0020_kgtx.png,2
img0879_hsyr.png,1
img1522_jshj.png,3
img0570_ihjv.png,3
img0125_avcj.png,4
img0014_nclu.png,1
img0718_qodx.png,3
img0350_xwtv.png,2
img0414_rkwz.png,5
img0523_ucek.png,5
img0252_ajit.png,1
img0638_kjut.png,3
img0394_lcfw.png,4
img0217_ebke.png,3
img1589_kzlj.png,3
img0204_nnqd.png,1
img1349_unhh.png,1
img0851_bdek.png,2
img1315_sgzp.png,3
img0291_wkbe.png,1
img0551_mpxv.png,5
img0414_lmco.png,0
img0319_gmmi.png,5
img0409_aoup.png,2
img0922_vhlx.png,3
img0405_stox.png,5
img0410_czrv.png,2
img1143_uoky.png,3
img0992_pjrb.png,3
img0295_qtvu.png,1
img0474_qbvm.png,5
img0648_pdzi.png,2
img0905_exbu.png,1
img0505_heqc.png,3
img0872_ibqj.png,2
img0457_mizg.png,3
img0497_twqc.png,1
img0338_zikz.png,5
img0296_ppbv.png,3
img0147_plrl.png,0
img0611_tjdz.png,1
img0544_cysr.png,3
img1450_brqm.png,1
img0121_ywcs.png,5
img0810_pykk.png,5
img0105_rvdm.png,2
img1003_cskc.png,2
img1081_okxi.png,1
img0441_ygbq.png,0
img0152_nxop.png,4
img0004_uens.png,0
img0660_ibgi.png,5
img0396_nuaa.png,2
img0220_udmh.png,0
img0089_rhab.png,1
img0624_dfkv.png,1
img1482_lkqj.png,1
img0703_yshc.png,3
img1114_cvaz.png,1
img0477_lxbm.png,1
img1648_ogbv.png,1
img0057_pjlk.png,3
img0904_pcah.png,1
img0038_ngkx.png,3
img1376_xvjg.png,3
img1205_dcai.png,1
img1043_izwb.png,1
img0549_oqpy.png,3
img0634_lcjg.png,2
img0109_kvdn.png,3
img1270_rylj.png,1
img0495_rpmk.png,1
img0598_bljq.png,1
img0390_ormb.png,1
img0667_ctnk.png,1
img1098_nftc.png,3
img1217_vlix.png,1
img0828_cygp.png,2
img1430_wylf.png,1
img0910_xyzl.png,3
img0711_ckkl.png,3
img0080_asod.png,4
img1056_fjvb.png,1
img0799_ymtm.png,5
img0581_gelb.png,3
img1198_wdfc.png,3
img0266_rinq.png,1
img0143_bgxw.png,0
img0676_rkao.png,1
img0774_bult.png,2
img1084_hrsw.png,5
img1190_zqwp.png,3
img0044_xkfe.png,2
img0456_esnc.png,1
img1540_qmrz.png,1
img0097_smur.png,5
img0418_ftwd.png,3
img1454_viwt.png,3
img1036_nrvy.png,2
img0294_ldxp.png,0
img0693_qbbo.png,5
img0473_uicu.png,4
img0647_fusy.png,1
img1449_trbv.png,3
img0007_njvy.png,4
img1595_jzfx.png,1
img0459_vldw.png,3
img0275_ulte.png,5
img0897_numq.png,5
img1414_fcmb.png,3
img1257_wqwi.png,1
img0650_wogd.png,5
img0811_sbzo.png,5
img1500_gkqt.png,3
img0249_ixnc.png,1
img1077_zgtd.png,5
img0722_gxpw.png,2
img0520_ldip.png,1
img1057_qjfz.png,2
img1589_kiej.png,1
img0486_zjox.png,5
img0876_svig.png,5
img0906_fpty.png,3
img0823_okpi.png,3
img0627_xlus.png,5
img0045_rciv.png,1
img0904_egvu.png,5
img0914_rgce.png,5
img0417_qvpl.png,1
img0229_ffjh.png,0
img0361_zowd.png,0
img0037_wcmg.png,4
img0502_jpfm.png,2
img1576_wkxb.png,3
img0375_virc.png,2
img0971_gubl.png,3
img0227_dekb.png,4
img0677_vpfl.png,2
img0745_owmb.png,1
img0491_sjtp.png,3
img0979_ggbp.png,1
img0733_tzba.png,2
img0670_jgxh.png,1
img0095_qjjf.png,2
img0392_ekso.png,2
img0813_mwfs.png,5
img1306_qwkd.png,1
img0823_iahv.png,2
img0914_kdby.png,1
img1301_tcwg.png,1
img0462_bnzc.png,3
img0232_jjzd.png,3
img0996_udzn.png,5
img0160_gyzr.png,2
img0307_miuf.png,4
img1300_zdme.png,3
img0349_sena.png,5
img0626_umtn.png,5
img1466_wpcm.png,3
img0067_qoup.png,2
img0540_arbp.png,2
img0140_xtzg.png,2
img1578_bmsl.png,1
img0365_mfyd.png,2
img0097_imgh.png,2
img0009_rdyj.png,1
img0331_drke.png,1
img1100_tdfs.png,5
img0590_jcga.png,3
img1145_uaej.png,1
img0519_lebw.png,2
img1006_wdro.png,2
img0040_mnxk.png,4
img0495_dnpn.png,2
img0074_zqno.png,5
img0664_uwbe.png,3
img1539_zrue.png,1
img0494_nsgn.png,3
img0352_xzam.png,2
img1053_hsvq.png,1
img0488_hwbf.png,5
img1102_tfdg.png,5
